,figure,category
0,fig_0.png,The Dolphin.
1,fig_1.png,The Dolphin.
2,fig_2.png,The Dolphin.
3,fig_3.png,The Dolphin.
4,fig_4.png,The Dolphin.
5,fig_5.png,
6,fig_6.png,
7,fig_7.png,
8,fig_8.png,
9,fig_9.png,
10,fig_10.png,
11,fig_11.png,
12,fig_12.png,The Dolphin.
13,fig_13.png,The Dolphin.
14,fig_14.png,The Dolphin.
15,fig_15.png,The Dolphin.
16,fig_16.png,The Dolphin.
17,fig_17.png,The Shell.
18,fig_18.png,The Shell.
19,fig_19.png,The Shell.
20,fig_20.png,The Shell.
21,fig_21.png,The Shell.
22,fig_22.png,The Shell.
23,fig_23.png,The Shell.
24,fig_24.png,"The Serpent, &c,"
25,fig_25.png,"The Serpent, &c,"
26,fig_26.png,"The Mask, &."
27,fig_27.png,"The Mask, &."
28,fig_28.png,"The Mask, &."
29,fig_29.png,"The Mask, &."
30,fig_30.png,"The Mask, &."
31,fig_31.png,"The Mask, &."
32,fig_32.png,"The Mask, &."
33,fig_33.png,"The Mask, &."
34,fig_34.png,"The Mask, &."
35,fig_35.png,"The Mask, &."
36,fig_36.png,"The Grottesque Mask,"
37,fig_37.png,"The Grottesque Mask,"
38,fig_38.png,"The Grottesque Mask,"
39,fig_39.png,"The Grottesque Mask,"
40,fig_40.png,"The Grottesque Mask,"
41,fig_41.png,"The Grottesque Mask,"
42,fig_42.png,"The Grottesque Mask,"
43,fig_43.png,‘The Grottesque Mask.
44,fig_44.png,‘The Grottesque Mask.
45,fig_45.png,‘The Grottesque Mask.
46,fig_46.png,‘The Grottesque Mask.
47,fig_47.png,‘The Grottesque Mask.
48,fig_48.png,‘The Grottesque Mask.
49,fig_49.png,‘The Grottesque Mask.
50,fig_50.png,‘The Grottesque Mask.
51,fig_51.png,The Medusa Head.
52,fig_52.png,The Medusa Head.
53,fig_53.png,The Grottesque
54,fig_54.png,The Grottesque
55,fig_55.png,The Grottesque
56,fig_56.png,The Grottesque
57,fig_57.png,The Grottesque
58,fig_58.png,The Grottesque
59,fig_59.png,The Grottesque
60,fig_60.png,The Grottesque
61,fig_61.png,The Half-Figure.
62,fig_62.png,The Half-Figure.
63,fig_63.png,The Half-Figure.
64,fig_64.png,The Half-Figure.
65,fig_65.png,The Half-Figure.
66,fig_66.png,"The Sphinx, and the Centaur."
67,fig_67.png,"The Sphinx, and the Centaur."
68,fig_68.png,"The Sphinx, and the Centaur."
69,fig_69.png,"The Sphinx, and the Centaur."
70,fig_70.png,"The Sphinx, and the Centaur."
71,fig_71.png,"The Sphinx, and the Centaur."
72,fig_72.png,"The Sphinx, and the Centaur."
73,fig_73.png,"The Sphinx, and the Centaur."
74,fig_74.png,": The Cherub Head, &c."
75,fig_75.png,": The Cherub Head, &c."
76,fig_76.png,": The Cherub Head, &c."
77,fig_77.png,": The Cherub Head, &c."
78,fig_78.png,": The Cherub Head, &c."
79,fig_79.png,": The Cherub Head, &c."
80,fig_80.png,": The Cherub Head, &c."
81,fig_81.png,": The Cherub Head, &c."
82,fig_82.png,": The Cherub Head, &c."
83,fig_83.png,": The Cherub Head, &c."
84,fig_84.png,The Trophy.
85,fig_85.png,The Trophy.
86,fig_86.png,The Trophy.
87,fig_87.png,The Trophy.
88,fig_88.png,The Trophy.
89,fig_89.png,The Trophy.
90,fig_90.png,The Trophy.
91,fig_91.png,The Trophy.
92,fig_92.png,The Trophy.
93,fig_93.png,The Trophy.
94,fig_94.png,The Symbol.
95,fig_95.png,The Symbol.
96,fig_96.png,The Symbol.
97,fig_97.png,The Symbol.
98,fig_98.png,The Symbol.
99,fig_99.png,The Symbol.
100,fig_100.png,The Symbol.
101,fig_101.png,The Symbol.
102,fig_102.png,The Symbol.
103,fig_103.png,The Symbol.
104,fig_104.png,The Symbol.
105,fig_105.png,The Symbol.
106,fig_106.png,The Symbol.
107,fig_107.png,The Symbol.
108,fig_108.png,The Symbol.
109,fig_109.png,The Symbol.
110,fig_110.png,The Symbol.
111,fig_111.png,The Symbol.
112,fig_112.png,The Symbol.
113,fig_113.png,The Symbc!.
114,fig_114.png,The Symbc!.
115,fig_115.png,The Symbc!.
116,fig_116.png,The Symbc!.
117,fig_117.png,The Symbc!.
118,fig_118.png,The Symbc!.
119,fig_119.png,The Symbc!.
120,fig_120.png,The Symbc!.
121,fig_121.png,The Symbol.
122,fig_122.png,The Symbol.
123,fig_123.png,The Symbol.
124,fig_124.png,The Symbol.
125,fig_125.png,The Symbol.
126,fig_126.png,"The Ribbon, and the Label"
127,fig_127.png,"The Ribbon, and the Label"
128,fig_128.png,"The Ribbon, and the Label"
129,fig_129.png,"The Ribbon, and the Label"
130,fig_130.png,The Ribbon.
131,fig_131.png,The Ribbon.
132,fig_132.png,Miscellaneous objects.
133,fig_133.png,Miscellaneous objects.
134,fig_134.png,Miscellaneous objects.
135,fig_135.png,Miscellaneous objects.
136,fig_136.png,Miscellaneous objects.
137,fig_137.png,The Fret Band.
138,fig_138.png,The Fret Band.
139,fig_139.png,The Fret Band.
140,fig_140.png,The Fret Band.
141,fig_141.png,The Fret Band.
142,fig_142.png,The Fret Band.
143,fig_143.png,The Fret Band.
144,fig_144.png,; The Chain Band.
145,fig_145.png,; The Chain Band.
146,fig_146.png,; The Chain Band.
147,fig_147.png,; The Chain Band.
148,fig_148.png,; The Chain Band.
149,fig_149.png,The Interlacement Band.
150,fig_150.png,The Interlacement Band.
151,fig_151.png,The Interlacement Band.
152,fig_152.png,The Interlacement Band.
153,fig_153.png,The Interlacement Band.
154,fig_154.png,The Interlacement Band.
155,fig_155.png,The Interlacement Band.
156,fig_156.png,The Interlacement Band.
157,fig_157.png,The Interlacement Band.
158,fig_158.png,The Interlacement Band.
159,fig_159.png,The Interlacement Band.
160,fig_160.png,The Interlacement Band.
161,fig_161.png,The Interlacement Band.
162,fig_162.png,The Interlacement Band.
163,fig_163.png,The Interlacement Band.
164,fig_164.png,The Interlacement Band.
165,fig_165.png,The Interlacement Band.
166,fig_166.png,The Interlacement Band.
167,fig_167.png,The Interlacement Band.
168,fig_168.png,The Interlacement Band.
169,fig_169.png,The InterJacement Band.
170,fig_170.png,The InterJacement Band.
171,fig_171.png,The InterJacement Band.
172,fig_172.png,The InterJacement Band.
173,fig_173.png,The InterJacement Band.
174,fig_174.png,The Rosette Band.
175,fig_175.png,The Rosette Band.
176,fig_176.png,The Rosette Band.
177,fig_177.png,The Rosette Band.
178,fig_178.png,The Rosette Band.
179,fig_179.png,The Rosette Band.
180,fig_180.png,The Palmette Band.
181,fig_181.png,The Palmette Band.
182,fig_182.png,The Palmette Band.
183,fig_183.png,The Palmette Band.
184,fig_184.png,"The Vertebrate Band, &c. ai"
185,fig_185.png,"The Vertebrate Band, &c. ai"
186,fig_186.png,"The Vertebrate Band, &c. ai"
187,fig_187.png,"The Vertebrate Band, &c. ai"
188,fig_188.png,"The Vertebrate Band, &c. ai"
189,fig_189.png,"The Vertebrate Band, &c. ai"
190,fig_190.png,"The Vertebrate Band, &c. ai"
191,fig_191.png,"The Vertebrate Band, &c. ai"
192,fig_192.png,"The Vertebrate Band, &c. ai"
193,fig_193.png,"The Vertebrate Band, &c. ai"
194,fig_194.png,The Undulate Band.
195,fig_195.png,The Undulate Band.
196,fig_196.png,The Undulate Band.
197,fig_197.png,The Undulate Band.
198,fig_198.png,The Undulate Band.
199,fig_199.png,"The Undulate Band, &c."
200,fig_200.png,"The Undulate Band, &c."
201,fig_201.png,"The Undulate Band, &c."
202,fig_202.png,"The Undulate Band, &c."
203,fig_203.png,"The Undulate Band, &c."
204,fig_204.png,"The Undulate Band, &c."
205,fig_205.png,"The Undulate Band, &c."
206,fig_206.png,"The Undulate Band, &c."
207,fig_207.png,"The Undulate Band, &c."
208,fig_208.png,"The Undulate Band, &c."
209,fig_209.png,"The Undulate Band, &c."
210,fig_210.png,"The Undulate Band, &c."
211,fig_211.png,The Evolute-Spiral Band.
212,fig_212.png,The Evolute-Spiral Band.
213,fig_213.png,The Evolute-Spiral Band.
214,fig_214.png,The Evolute-Spiral Band.
215,fig_215.png,The Evolute-Spiral Band.
216,fig_216.png,The Evolute-Spiral Band.
217,fig_217.png,The Evolute-Spiral Band.
218,fig_218.png,"The Enrichment of the Cyma, and Ovolo Mouldings."
219,fig_219.png,"The Enrichment of the Cyma, and Ovolo Mouldings."
220,fig_220.png,"The Enrichment of the Cyma, and Ovolo Mouldings."
221,fig_221.png,"The Enrichment of the Cyma, and Ovolo Mouldings."
222,fig_222.png,"The Enrichment of the Cyma, and Ovolo Mouldings."
223,fig_223.png,"The Enrichment of the Cyma, and Ovolo Mouldings."
224,fig_224.png,"The Enrichment of the Cyma, and Ovolo Mouldings."
225,fig_225.png,"The Enrichment of the Cyma, and Ovolo Mouldings."
226,fig_226.png,"The Enrichment of the Cyma, and Ovolo Mouldings."
227,fig_227.png,"The Enrichment of the Cyma, and Ovolo Mouldings."
228,fig_228.png,The Link Border.
229,fig_229.png,The Link Border.
230,fig_230.png,The Link Border.
231,fig_231.png,The Link Border.
232,fig_232.png,The Link Border.
233,fig_233.png,The Link Border.
234,fig_234.png,The Link-border Enrichment of Mouldings.
235,fig_235.png,The Cresting Border.
236,fig_236.png,The Cresting Border.
237,fig_237.png,The Cresting Border.
238,fig_238.png,The Cresting Border.
239,fig_239.png,The Cresting Border.
240,fig_240.png,"The Akroter, and the Antefix."
241,fig_241.png,"The Akroter, and the Antefix."
242,fig_242.png,"The Akroter, and the Antefix."
243,fig_243.png,"The Akroter, and the Antefix."
244,fig_244.png,"The Akroter, and the Antefix."
245,fig_245.png,"The Akroter, and the Antefix."
246,fig_246.png,"The Akroter, and the Antefix."
247,fig_247.png,"The Akroter, and the Antefix."
248,fig_248.png,"The Akroter, and the Antefix."
249,fig_249.png,"The Akroter, and the Antefix."
250,fig_250.png,"The Akroter, &c."
251,fig_251.png,"The Akroter, &c."
252,fig_252.png,"The Akroter, &c."
253,fig_253.png,"The Akroter, &c."
254,fig_254.png,"The Akroter, &c."
255,fig_255.png,"The Akroter, &c."
256,fig_256.png,The Stele Crest.
257,fig_257.png,The Stele Crest.
258,fig_258.png,The Stele Crest.
259,fig_259.png,The Stele Crest.
260,fig_260.png,The Perforated Cresting. Plate. 108.
261,fig_261.png,The Perforated Cresting. Plate. 108.
262,fig_262.png,The Perforated Cresting. Plate. 108.
263,fig_263.png,The Perforated Cresting. Plate. 108.
264,fig_264.png,The Perforated Cresting. Plate. 108.
265,fig_265.png,The Cross.
266,fig_266.png,The Cross.
267,fig_267.png,The Cross.
268,fig_268.png,The Cross.
269,fig_269.png,The Cross.
270,fig_270.png,The Cross.
271,fig_271.png,The Cross.
272,fig_272.png,The Cross.
273,fig_273.png,The Cross.
274,fig_274.png,The Cross.
275,fig_275.png,The Finial.  « 0
276,fig_276.png,The Finial.  « 0
277,fig_277.png,"The Finial, &c."
278,fig_278.png,"The Finial, &c."
279,fig_279.png,"The Finial, &c."
280,fig_280.png,"The Finial Knob, and Vase."
281,fig_281.png,"The Finial Knob, and Vase."
282,fig_282.png,"The Finial Knob, and Vase."
283,fig_283.png,"The Finial Knob, and Vase."
284,fig_284.png,"The Finial Knob, and Vase."
285,fig_285.png,"The Finial Knob, and Vase."
286,fig_286.png,"The Finial Knob, and Vase."
287,fig_287.png,"The Finial Knob, and Vase."
288,fig_288.png,"The Finial Knob, and Vase."
289,fig_289.png,"The Pendant Knob, "" |"
290,fig_290.png,"The Pendant Knob, "" |"
291,fig_291.png,"The Pendant Knob, "" |"
292,fig_292.png,"The Pendant Knob, "" |"
293,fig_293.png,"The Pendant Knob, "" |"
294,fig_294.png,"The Pendant Knob, "" |"
295,fig_295.png,"The Pendant Knob, "" |"
296,fig_296.png,"The Pendant Knob, "" |"
297,fig_297.png,The Rosette.
298,fig_298.png,The Rosette.
299,fig_299.png,The Rosette.
300,fig_300.png,The Rosette.
301,fig_301.png,The Rosette.
302,fig_302.png,The Rosette.
303,fig_303.png,"The Crocket, and the Gargoyle."
304,fig_304.png,"The Crocket, and the Gargoyle."
305,fig_305.png,"The Crocket, and the Gargoyle."
306,fig_306.png,"The Crocket, and the Gargoyle."
307,fig_307.png,"The Decorated Hinge, &e."
308,fig_308.png,"The Decorated Hinge, &e."
309,fig_309.png,"The Decorated Hinge, &e."
310,fig_310.png,"The Decorated Hinge, &e."
311,fig_311.png,"The Decorated Hinge, &e."
312,fig_312.png,"The Decorated Hinge, &e."
313,fig_313.png,The Tassel.
314,fig_314.png,The Tassel.
315,fig_315.png,The Tassel.
316,fig_316.png,The Tassel.
317,fig_317.png,The Tassel.
318,fig_318.png,The Tassel.
319,fig_319.png,The Tassel.
320,fig_320.png,"The Fringe, and the Valence."
321,fig_321.png,"The Fringe, and the Valence."
322,fig_322.png,"The Fringe, and the Valence."
323,fig_323.png,"The Fringe, and the Valence."
324,fig_324.png,"The Fringe, and the Valence."
325,fig_325.png,"The Fringe, and the Valence."
326,fig_326.png,"The Fringe, and the Valence."
327,fig_327.png,The Lace Border.
328,fig_328.png,Band Motives.
329,fig_329.png,Band Motives.
330,fig_330.png,Band Motives.
331,fig_331.png,Band Motives.
332,fig_332.png,Band Motives.
333,fig_333.png,The Foliated Shaft.
334,fig_334.png,The Foliated Shaft.
335,fig_335.png,The Foliated Shaft.
336,fig_336.png,"The Fluted Shaft, |"
337,fig_337.png,"The Fluted Shaft, |"
338,fig_338.png,"The Fluted Shaft, |"
339,fig_339.png,"The Fluted Shaft, |"
340,fig_340.png,"The Fluted Shaft, |"
341,fig_341.png,The Base.
342,fig_342.png,The Base.
343,fig_343.png,The Base.
344,fig_344.png,The Base.
345,fig_345.png,The Decorated Shaft.
346,fig_346.png,The Decorated Shaft.
347,fig_347.png,The Decorated Shaft.
348,fig_348.png,The Profiled Shaft.
349,fig_349.png,The Profiled Shaft.
350,fig_350.png,The Profiled Shaft.
351,fig_351.png,The Profiled Shaft.
352,fig_352.png,The Profiled Shaft.
353,fig_353.png,Band Motives.
354,fig_354.png,Band Motives.
355,fig_355.png,Band Motives.
356,fig_356.png,The Capital.
357,fig_357.png,The Capital.
358,fig_358.png,The Capital.
359,fig_359.png,The Capital.
360,fig_360.png,The Capital.
361,fig_361.png,The Capital.
362,fig_362.png,The Capital.
363,fig_363.png,The Capital.
364,fig_364.png,The Capital.
365,fig_365.png,The Capital.
366,fig_366.png,The Capital.
367,fig_367.png,The Capital.
368,fig_368.png,The Capital.
369,fig_369.png,The Capital.
370,fig_370.png,The Capital.
371,fig_371.png,The Capital.
372,fig_372.png,The Capital.
373,fig_373.png,The Capital.
374,fig_374.png,The Capital.
375,fig_375.png,The Capital.
376,fig_376.png,The Capital.
377,fig_377.png,The Capital.
378,fig_378.png,The Capital.
379,fig_379.png,The Capital.
380,fig_380.png,The Capital.
381,fig_381.png,The Capital.
382,fig_382.png,The Capital.
383,fig_383.png,The Capital.
384,fig_384.png,The Capital.
385,fig_385.png,The Capital.
386,fig_386.png,The Capital.
387,fig_387.png,The Capital.
388,fig_388.png,The Capital.
389,fig_389.png,The Capital.
390,fig_390.png,The Capital. ‘3
391,fig_391.png,The Capital. ‘3
392,fig_392.png,The Capital. ‘3
393,fig_393.png,The Capital. ‘3
394,fig_394.png,The Capital. ‘3
395,fig_395.png,The Capital. ‘3
396,fig_396.png,The Capital. ‘3
397,fig_397.png,The Capital. ‘3
398,fig_398.png,The Capital. ‘3
399,fig_399.png,The Pilaster Panel.
400,fig_400.png,The Pilaster Panel.
401,fig_401.png,The Pilaster Panel.
402,fig_402.png,The Pilaster Panel.
403,fig_403.png,The Pilaster Panel.
404,fig_404.png,The Pilaster Panel.
405,fig_405.png,The Pilaster Panel.
406,fig_406.png,The Pilaster Panel.
407,fig_407.png,The Pilaster Panel.
408,fig_408.png,The Pilaster Panel.
409,fig_409.png,The Pilaster Panel.
410,fig_410.png,Band Motives.
411,fig_411.png,The Pilaster Capital.
412,fig_412.png,The Pilaster Capital.
413,fig_413.png,The Pilaster Capital.
414,fig_414.png,The Pilaster Capital.
415,fig_415.png,The Pilaster Capital.
416,fig_416.png,The Pilaster Capital.
417,fig_417.png,The Pilaster Capital.
418,fig_418.png,The Pilaster Capital.
419,fig_419.png,The Pilaster Capital.
420,fig_420.png,The Pilaster Capital.
421,fig_421.png,The Pilaster Capital.
422,fig_422.png,The Pilaster Capital.
423,fig_423.png,The Pilaster Capital.
424,fig_424.png,The Pilaster Capital.
425,fig_425.png,The Pilaster Capital.
426,fig_426.png,The Pilaster Capital.
427,fig_427.png,The Pilaster Capital.
428,fig_428.png,The Pilaster Capital.
429,fig_429.png,The Pilaster Capital.
430,fig_430.png,The Pilaster Capital.
431,fig_431.png,The Pilaster Capital.
432,fig_432.png,The Pilaster Capital.
433,fig_433.png,The Pilaster Capital.
434,fig_434.png,The Pilaster Capital.
435,fig_435.png,The Pilaster Capital.
436,fig_436.png,The Pilaster Capital.
437,fig_437.png,The Candelabrum Base.
438,fig_438.png,The Candelabrum Base.
439,fig_439.png,The Candelabrum Base.
440,fig_440.png,The Candelabrum Base.
441,fig_441.png,The Candelabrum Base.
442,fig_442.png,The Candelabrum Base.
443,fig_443.png,The Candelabrum Shaft.
444,fig_444.png,The Candelabrum Shaft.
445,fig_445.png,The Candelabrum Shaft.
446,fig_446.png,The Candelabrum Shaft.
447,fig_447.png,The Candelabrum Shaft.
448,fig_448.png,The Candelabrum Shaft.
449,fig_449.png,The Candelabrum Capital.
450,fig_450.png,The Candelabrum Capital.
451,fig_451.png,The Candelabrum Capital.
452,fig_452.png,The Candelabrum Capital.
453,fig_453.png,The Candelabrum Capital.
454,fig_454.png,The Candelabrum Capital.
455,fig_455.png,The Candelabrum Capital.
456,fig_456.png,The Candelabrum Capital.
457,fig_457.png,The Baluuster.
458,fig_458.png,The Baluuster.
459,fig_459.png,The Baluuster.
460,fig_460.png,The Baluuster.
461,fig_461.png,The Baluuster.
462,fig_462.png,", \The Terminus."
463,fig_463.png,", \The Terminus."
464,fig_464.png,", \The Terminus."
465,fig_465.png,", \The Terminus."
466,fig_466.png,", \The Terminus."
467,fig_467.png,", \The Terminus."
468,fig_468.png,The Railing Post.
469,fig_469.png,The Railing Post.
470,fig_470.png,The Railing Post.
471,fig_471.png,The Furniture Leg
472,fig_472.png,The Furniture Leg
473,fig_473.png,The Furniture Leg
474,fig_474.png,The Furniture Leg
475,fig_475.png,The Furniture Leg
476,fig_476.png,The Furniture Leg
477,fig_477.png,The Trapezophoron.
478,fig_478.png,The Trapezophoron.
479,fig_479.png,The Trapezophoron.
480,fig_480.png,The Trapezophoron.
481,fig_481.png,The Trapezophoron.
482,fig_482.png,The Trapezophoron.
483,fig_483.png,The Trapezophoron.
484,fig_484.png,The Trapezophoron.
485,fig_485.png,The Trapezophoron.
486,fig_486.png,The Trapezophoron.
487,fig_487.png,The Trapezophoron.
488,fig_488.png,The Trapezophoron.
489,fig_489.png,The Trapezophoron.
490,fig_490.png,The Trapezophoron.
491,fig_491.png,"Diaper Platterns,"
492,fig_492.png,"Diaper Platterns,"
493,fig_493.png,"Diaper Platterns,"
494,fig_494.png,"Diaper Platterns,"
495,fig_495.png,The Console.
496,fig_496.png,The Console.
497,fig_497.png,The Console.
498,fig_498.png,The Console.
499,fig_499.png,The Console.
500,fig_500.png,The Console.
501,fig_501.png,The Console.
502,fig_502.png,The Console.
503,fig_503.png,The Console.
504,fig_504.png,The Console.
505,fig_505.png,", The Console."
506,fig_506.png,", The Console."
507,fig_507.png,", The Console."
508,fig_508.png,", The Console."
509,fig_509.png,", The Console."
510,fig_510.png,", The Console."
511,fig_511.png,", The Console."
512,fig_512.png,", The Console."
513,fig_513.png,. The Console.
514,fig_514.png,. The Console.
515,fig_515.png,. The Console.
516,fig_516.png,. The Console.
517,fig_517.png,. The Console.
518,fig_518.png,. The Console.
519,fig_519.png,. The Console.
520,fig_520.png,. The Console.
521,fig_521.png,The Bracket.
522,fig_522.png,The Bracket.
523,fig_523.png,The Bracket.
524,fig_524.png,The Bracket.
525,fig_525.png,The Bracket.
526,fig_526.png,"The Caryatid, &c."
527,fig_527.png,"The Caryatid, &c."
528,fig_528.png,"The Caryatid, &c."
529,fig_529.png,"The Caryatid, &c."
530,fig_530.png,"The Caryatid, &c."
531,fig_531.png,"The Caryatid, &c."
532,fig_532.png,Diaper Platterns.
533,fig_533.png,Diaper Platterns.
534,fig_534.png,Diaper Platterns.
535,fig_535.png,The Square Panel.
536,fig_536.png,The Square Panel.
537,fig_537.png,The Square Panel.
538,fig_538.png,The Square Panel.
539,fig_539.png,The Square Panel.
540,fig_540.png,The Square Panel.
541,fig_541.png,The Square Panel.
542,fig_542.png,The Square Panel.
543,fig_543.png,The Square Panel.
544,fig_544.png,The Square Panel.
545,fig_545.png,The Square Panel.
546,fig_546.png,The Square Panel.
547,fig_547.png,The Square Panel.
548,fig_548.png,The Square Panel.
549,fig_549.png,The Square Panel.
550,fig_550.png,The Square Panel.
551,fig_551.png,The Square Panel.
552,fig_552.png,The Square Panel.
553,fig_553.png,The Square Panel.
554,fig_554.png,The Square Panel.
555,fig_555.png,The Square Panel.
556,fig_556.png,The Square Panel.
557,fig_557.png,The Square Panel.
558,fig_558.png,The Square Panel.
559,fig_559.png,The Square Panel.
560,fig_560.png,The Square Panel.
561,fig_561.png,The Square Panel. “
562,fig_562.png,The Square Panel. “
563,fig_563.png,The Square Panel. “
564,fig_564.png,The Square Panel. “
565,fig_565.png,The Square Panel. “
566,fig_566.png,The Square Panel. “
567,fig_567.png,The Square Panel. “
568,fig_568.png,The Square Panel. “
569,fig_569.png,The Square Panel. “
570,fig_570.png,The Square Panel.
571,fig_571.png,The Square Panel.
572,fig_572.png,The Square Panel.
573,fig_573.png,The Square Panel.
574,fig_574.png,The Square Panel.
575,fig_575.png,The Square Panel.
576,fig_576.png,The Square Panel.
577,fig_577.png,The Square Panel.
578,fig_578.png,The Square Panel.
579,fig_579.png,The Square Panel.
580,fig_580.png,The Square Panel.
581,fig_581.png,The Square Panel.
582,fig_582.png,The Square Panel.
583,fig_583.png,The Square Panel.
584,fig_584.png,The Square Panel.
585,fig_585.png,Diaper Platterns.
586,fig_586.png,Diaper Platterns.
587,fig_587.png,The Star-shape Panel.
588,fig_588.png,The Star-shape Panel.
589,fig_589.png,The Star-shape Panel.
590,fig_590.png,The Star-shape Panel.
591,fig_591.png,The Circular Panel.
592,fig_592.png,The Circul Panel.
593,fig_593.png,The Circul Panel.
594,fig_594.png,The Circul Panel.
595,fig_595.png,The Circul Panel.
596,fig_596.png,The Circul Panel.
597,fig_597.png,The Circul Panel.
598,fig_598.png,The Circul Panel.
599,fig_599.png,The Circul Panel.
600,fig_600.png,The Oblong Panel.
601,fig_601.png,The Oblong Panel.
602,fig_602.png,The Oblong Panel.
603,fig_603.png,The Oblong Panel.
604,fig_604.png,The Oblong Panel.
605,fig_605.png,The Oblong Panel.
606,fig_606.png,The Oblong Panel.
607,fig_607.png,The Oblong Panel.
608,fig_608.png,The Oblong Panel.
609,fig_609.png,The Elliptic Panel.
610,fig_610.png,The Elliptic Panel.
611,fig_611.png,"The Lunette, and the Spanrail Panels."
612,fig_612.png,Various Panels.
613,fig_613.png,Various Panels.
614,fig_614.png,Various Panels.
615,fig_615.png,Various Panels.
616,fig_616.png,Various Panels.
617,fig_617.png,Various Panels.
618,fig_618.png,Various Panels.
619,fig_619.png,"The Scale Diaper, &c."
620,fig_620.png,"The Scale Diaper, &c."
621,fig_621.png,"The Scale Diaper, &c."
622,fig_622.png,"The Scale Diaper, &c."
623,fig_623.png,"The Scale Diaper, &c."
624,fig_624.png,"The Circle Diaper, &c."
625,fig_625.png,"The Circle Diaper, &c."
626,fig_626.png,"The Circle Diaper, &c."
627,fig_627.png,"The Circle Diaper, &c."
628,fig_628.png,"The Circle Diaper, &c."
629,fig_629.png,"The Circle Diaper, &c."
630,fig_630.png,"The Circle Diaper, &c."
631,fig_631.png,"The Circle Diaper, &c."
632,fig_632.png,
633,fig_633.png,
634,fig_634.png,
635,fig_635.png,
636,fig_636.png,"The Circle Diaper, &c."
637,fig_637.png,"The Circle Diaper, &c."
638,fig_638.png,"The Circle Diaper, &c."
639,fig_639.png,"The Circle Diaper, &c."
640,fig_640.png,Various Diapers.
641,fig_641.png,Various Diapers.
642,fig_642.png,Various Diapers.
643,fig_643.png,Various Diapers.
644,fig_644.png,Various Diapers.
645,fig_645.png,Various Diapers.
646,fig_646.png,Various Diapers.
647,fig_647.png,Various Diapers.
648,fig_648.png,Various Diapers.
649,fig_649.png,Various Diapers.
650,fig_650.png,Various Diapers.
651,fig_651.png,Various Diapers.
652,fig_652.png,Various Diapers.
653,fig_653.png,Various Diapers.
654,fig_654.png,Various Diapers.
655,fig_655.png,Various Diapers.
656,fig_656.png,Various Diapers.
657,fig_657.png,Various Diapers.
658,fig_658.png,Various Diapers.
659,fig_659.png,Various Diapers.
660,fig_660.png,Various Diapers.
661,fig_661.png,Various Diapers.
662,fig_662.png,Various Grill Diapers.
663,fig_663.png,The Amphora.
664,fig_664.png,The Amphora.
665,fig_665.png,The Amphora.
666,fig_666.png,The Amphora.
667,fig_667.png,The Amphora.
668,fig_668.png,The Amphora.
669,fig_669.png,The Urn.
670,fig_670.png,The Urn.
671,fig_671.png,The Urn.
672,fig_672.png,The Urn.
673,fig_673.png,The Urn.
674,fig_674.png,The Krater.
675,fig_675.png,The Krater.
676,fig_676.png,The Krater.
677,fig_677.png,"The Basin, and the Dish."
678,fig_678.png,"The Basin, and the Dish."
679,fig_679.png,"The Ampulla, the Alabastron, &c."
680,fig_680.png,"The Ampulla, the Alabastron, &c."
681,fig_681.png,"The Ampulla, the Alabastron, &c."
682,fig_682.png,"The Ampulla, the Alabastron, &c."
683,fig_683.png,"The Ampulla, the Alabastron, &c."
684,fig_684.png,"The Ampulla, the Alabastron, &c."
685,fig_685.png,"The Ampulla, the Alabastron, &c."
686,fig_686.png,"The Flower-Vase, &c."
687,fig_687.png,"The Flower-Vase, &c."
688,fig_688.png,"The Flower-Vase, &c."
689,fig_689.png,"The Flower-Vase, &c."
690,fig_690.png,"The Flower-Vase, &c."
691,fig_691.png,"Vase-forms for Various Purposes,"
692,fig_692.png,"The Jar, the Cist, &c."
693,fig_693.png,"The Jar, the Cist, &c."
694,fig_694.png,"The Jar, the Cist, &c."
695,fig_695.png,"The Jar, the Cist, &c."
696,fig_696.png,"The Jar, the Cist, &c."
697,fig_697.png,"The Jar, the Cist, &c."
698,fig_698.png,The Hydria.
699,fig_699.png,The Hydria.
700,fig_700.png,The Hydria.
701,fig_701.png,The Hydria.
702,fig_702.png,"The Bucket, &c."
703,fig_703.png,"The Bucket, &c."
704,fig_704.png,"The Prochoiis, the Oinochoé, the Olpe, &c."
705,fig_705.png,"The Prochoiis, the Oinochoé, the Olpe, &c."
706,fig_706.png,"The Prochoiis, the Oinochoé, the Olpe, &c."
707,fig_707.png,"The Prochoiis, the Oinochoé, the Olpe, &c."
708,fig_708.png,"The Prochoiis, the Oinochoé, the Olpe, &c."
709,fig_709.png,"The Prochoiis, the Oinochoé, the Olpe, &c."
710,fig_710.png,"The Lekythos, &c.  °"
711,fig_711.png,"The Lekythos, &c.  °"
712,fig_712.png,"The Lekythos, &c.  °"
713,fig_713.png,"The Lekythos, &c.  °"
714,fig_714.png,"The Lekythos, &c.  °"
715,fig_715.png,"The Lekythos, &c.  °"
716,fig_716.png,"The Lip-spout Pitcher,"
717,fig_717.png,"The Lip-spout Pitcher,"
718,fig_718.png,"The Lip-spout Pitcher,"
719,fig_719.png,"The Lip-spout Pitcher,"
720,fig_720.png,"The Lip-spout Pitcher,"
721,fig_721.png,"The Lip-spout Pitcher,"
722,fig_722.png,"The Lip-spout Pitcher,"
723,fig_723.png,"The Lip-spout Pitcher,"
724,fig_724.png,The Lip-spout Pitcher.
725,fig_725.png,The Lip-spout Pitcher.
726,fig_726.png,The Lip-spout Pitcher.
727,fig_727.png,The Lip-spout Pitcher.
728,fig_728.png,The Lip-spout Pitcher.
729,fig_729.png,The Pipe-spout Pot.
730,fig_730.png,The Pipe-spout Pot.
731,fig_731.png,The Pipe-spout Pot.
732,fig_732.png,The Pipe-spout Pot.
733,fig_733.png,The Pipe-spout Pot.
734,fig_734.png,The Pipe-spout Pot.
735,fig_735.png,The Pipe-spout Pot.
736,fig_736.png,The Pipe-spout Pot.
737,fig_737.png,The Pipe-spout Pot.
738,fig_738.png,The Pipe-spout Pot.
739,fig_739.png,The Bottle.
740,fig_740.png,The Bottle.
741,fig_741.png,The Bottle.
742,fig_742.png,The Bottle.
743,fig_743.png,The Bottle.
744,fig_744.png,The Bottle.
745,fig_745.png,The Bottle.
746,fig_746.png,The Bottle.
747,fig_747.png,The Bottle.
748,fig_748.png,"The Kylix, the Kantharos, &c. """
749,fig_749.png,"The Kylix, the Kantharos, &c. """
750,fig_750.png,"The Cup, and the Beaker."
751,fig_751.png,"The Cup, and the Beaker."
752,fig_752.png,"The Cup, and the Beaker."
753,fig_753.png,"The Cup, and the Beaker."
754,fig_754.png,"The Chalice, and the Goblet."
755,fig_755.png,"The Chalice, and the Goblet."
756,fig_756.png,"The Chalice, and the Goblet."
757,fig_757.png,"The Chalice, and the Goblet."
758,fig_758.png,"The Chalice, and the Goblet."
759,fig_759.png,"The Chalice, and the Goblet."
760,fig_760.png,"The Chalice, and the Goblet."
761,fig_761.png,"The Chalice, and the Goblet."
762,fig_762.png,"The Chalice, and the Goblet."
763,fig_763.png,"The Chalice, and the Goblet."
764,fig_764.png,E The Hanap.
765,fig_765.png,The Romer or Rummer.
766,fig_766.png,Various Drinking Vessels.
767,fig_767.png,Various Drinking Vessels.
768,fig_768.png,Various Drinking Vessels.
769,fig_769.png,Various Drinking Vessels.
770,fig_770.png,Various Drinking Vessels.
771,fig_771.png,Various Drinking Vessels.
772,fig_772.png,Various Drinking Vessels.
773,fig_773.png,Various Drinking Vessels.
774,fig_774.png,Various Drinking Vessels.
775,fig_775.png,Various Drinking Vessels.
776,fig_776.png,Various Drinking Vessels.
777,fig_777.png,Various Drinking Vessels.
778,fig_778.png,Various Drinking Vessels.
779,fig_779.png,The Mug.
780,fig_780.png,The Mug.
781,fig_781.png,The Tankard.
782,fig_782.png,The Antique Candelabrum.
783,fig_783.png,The Antique Candelabrum.
784,fig_784.png,The Antique Candelabrum.
785,fig_785.png,The Antique Candelabrum.
786,fig_786.png,The Antique Candelabrum.
787,fig_787.png,The Antique Candelabrum.
788,fig_788.png,The Renascence Candelabrum.
789,fig_789.png,The Renascence Candelabrum.
790,fig_790.png,"The Oblong, and its Subdivision."
791,fig_791.png,The Antique Lamp. ~
792,fig_792.png,The Antique Lamp. ~
793,fig_793.png,The Antique Lamp. ~
794,fig_794.png,The Antique Lamp. ~
795,fig_795.png,The Antique Lamp. ~
796,fig_796.png,The Antique Lamp. ~
797,fig_797.png,The Antique Lamp. ~
798,fig_798.png,The Antique Lamp. ~
799,fig_799.png,The Candlestick.
800,fig_800.png,The Candlestick.
801,fig_801.png,The Candlestick.
802,fig_802.png,The Candlestick.
803,fig_803.png,The Candlestick.
804,fig_804.png,The Candlestick.
805,fig_805.png,The Candlestick.
806,fig_806.png,The Candlestick.
807,fig_807.png,The Hand-Candlestick. 216.
808,fig_808.png,The Hand-Candlestick. 216.
809,fig_809.png,The Hand-Candlestick. 216.
810,fig_810.png,The Hand-Candlestick. 216.
811,fig_811.png,The Hand-Candlestick. 216.
812,fig_812.png,The Hand-Candlestick. 216.
813,fig_813.png,The Hand-Candlestick. 216.
814,fig_814.png,The Candle-Bracket.
815,fig_815.png,The Candle-Bracket.
816,fig_816.png,The Candle-Bracket.
817,fig_817.png,The Candle-Bracket.
818,fig_818.png,The Candle-Bracket.
819,fig_819.png,"The Pendant-Lamp,"
820,fig_820.png,"The Pendant-Lamp,"
821,fig_821.png,"The Oblong, and its Subdivision."
822,fig_822.png,The Candelier.
823,fig_823.png,The Candelier.
824,fig_824.png,The Candelier.
825,fig_825.png,The Candelier.
826,fig_826.png,The Candelier.
827,fig_827.png,The Candelier.
828,fig_828.png,The Candelier.
829,fig_829.png,The Modern Lamp.
830,fig_830.png,The Modern Lamp.
831,fig_831.png,The Modern Lamp.
832,fig_832.png,The Modern Lamp.
833,fig_833.png,The Modern Lamp.
834,fig_834.png,The Altar.
835,fig_835.png,The Altar.
836,fig_836.png,The Altar.
837,fig_837.png,The Altar.
838,fig_838.png,The Altar.
839,fig_839.png,"The Tripod,"
840,fig_840.png,"The Tripod,"
841,fig_841.png,"The Tripod,"
842,fig_842.png,"The Tripod,"
843,fig_843.png,"The Tripod,"
844,fig_844.png,The Censer.
845,fig_845.png,The Censer.
846,fig_846.png,The Censer.
847,fig_847.png,The Censer.
848,fig_848.png,The Censer.
849,fig_849.png,The Censer.
850,fig_850.png,"The Oblong, and its Subdivision."
851,fig_851.png,"The Oblong, and its Subdivision."
852,fig_852.png,The Cracifix ~
853,fig_853.png,The Cracifix ~
854,fig_854.png,The Shield.
855,fig_855.png,The Shield.
856,fig_856.png,The Helmet.
857,fig_857.png,The Helmet.
858,fig_858.png,The Helmet.
859,fig_859.png,"The Sword, and its Scabbard."
860,fig_860.png,"The Sword, and its Scabbard."
861,fig_861.png,"The Sword, and its Scabbard."
862,fig_862.png,"The Sword, and its Scabbard."
863,fig_863.png,"The Sword, and its Scabbard."
864,fig_864.png,"The Rhombus, the Trapezium, and their Subdivision. if"
865,fig_865.png,"The Rhombus, the Trapezium, and their Subdivision. if"
866,fig_866.png,"The Dagger, and its Scabbard."
867,fig_867.png,"The Dagger, and its Scabbard."
868,fig_868.png,"The Dagger, and its Scabbard."
869,fig_869.png,"The Dagger, and its Scabbard."
870,fig_870.png,"The Dagger, and its Scabbard."
871,fig_871.png,"The Dagger, and its Scabbard."
872,fig_872.png,"The Dagger, and its Scabbard."
873,fig_873.png,"The Halberd, &c."
874,fig_874.png,"The Halberd, &c."
875,fig_875.png,"The Halberd, &c."
876,fig_876.png,"The Halberd, &c."
877,fig_877.png,"The Halberd, &c."
878,fig_878.png,"The Halberd, &c."
879,fig_879.png,The Spoon.
880,fig_880.png,"The Knife, and the Fork."
881,fig_881.png,"The Knife, and the Fork."
882,fig_882.png,"The Knife, and the Fork."
883,fig_883.png,"The Knife, and the Fork."
884,fig_884.png,The Paper Knife
885,fig_885.png,The Paper Knife
886,fig_886.png,The Paper Knife
887,fig_887.png,The Scissors.
888,fig_888.png,The Scissors.
889,fig_889.png,The Scissors.
890,fig_890.png,The Scissors.
891,fig_891.png,The Scissors.
892,fig_892.png,The Hand-Bell.
893,fig_893.png,The Hand-Bell.
894,fig_894.png,The Hand-Bell.
895,fig_895.png,The Hand-Bell.
896,fig_896.png,The Hand-Bell.
897,fig_897.png,"The Door-Knocker,"
898,fig_898.png,"The Door-Knocker,"
899,fig_899.png,"The Door-Knocker,"
900,fig_900.png,"The Door-Knocker,"
901,fig_901.png,"The Door-Knocker,"
902,fig_902.png,"The Door-Knocker,"
903,fig_903.png,"The Door-Knocker,"
904,fig_904.png,"The Door-Knocker,"
905,fig_905.png,The Key.
906,fig_906.png,The Key.
907,fig_907.png,"The Circle, and its Subdivision."
908,fig_908.png,"The Circle, and its Subdivision."
909,fig_909.png,"The Circle, and its Subdivision."
910,fig_910.png,"The Circle, and its Subdivision."
911,fig_911.png,"The Circle, and its Subdivision."
912,fig_912.png,"The Circle, and its Subdivision."
913,fig_913.png,
914,fig_914.png,
915,fig_915.png,
916,fig_916.png,
917,fig_917.png,
918,fig_918.png,
919,fig_919.png,"Various Tools,"
920,fig_920.png,"Various Tools,"
921,fig_921.png,"Various Tools,"
922,fig_922.png,"Various Tools,"
923,fig_923.png,"Various Tools,"
924,fig_924.png,"Various Tools,"
925,fig_925.png,The Chair.
926,fig_926.png,The Chair.
927,fig_927.png,The Chair.
928,fig_928.png,The Chair.
929,fig_929.png,The Chair.
930,fig_930.png,The Chair.
931,fig_931.png,The Chair.
932,fig_932.png,The Chair.
933,fig_933.png,"The Chair,"
934,fig_934.png,"The Chair,"
935,fig_935.png,"The Chair,"
936,fig_936.png,"The Chair,"
937,fig_937.png,"The Chair,"
938,fig_938.png,"The Chair,"
939,fig_939.png,"The Chair,"
940,fig_940.png,"The Chair,"
941,fig_941.png,"The Chair,"
942,fig_942.png,"The Chair,"
943,fig_943.png,Gothic Tracery.
944,fig_944.png,Gothic Tracery.
945,fig_945.png,"The Chair,"
946,fig_946.png,"The Chair,"
947,fig_947.png,"The Chair,"
948,fig_948.png,"The Chair,"
949,fig_949.png,"The Chair,"
950,fig_950.png,"The Chair,"
951,fig_951.png,"The Chair,"
952,fig_952.png,"The Chair,"
953,fig_953.png,"The Chair,"
954,fig_954.png,"The Chair,"
955,fig_955.png,"The Throne, and the Arm-chair."
956,fig_956.png,"The Throne, and the Arm-chair."
957,fig_957.png,"The Throne, and the Arm-chair."
958,fig_958.png,"The Throne, and the Arm-chair."
959,fig_959.png,"The Throne, and the Arm-chair."
960,fig_960.png,"The Throne, and the Arm-chair."
961,fig_961.png,"The Throne, and the Arm-chair."
962,fig_962.png,"Lhe Throne, and the Arm-chair."
963,fig_963.png,"Lhe Throne, and the Arm-chair."
964,fig_964.png,"Lhe Throne, and the Arm-chair."
965,fig_965.png,"Lhe Throne, and the Arm-chair."
966,fig_966.png,"Lhe Throne, and the Arm-chair."
967,fig_967.png,"Lhe Throne, and the Arm-chair."
968,fig_968.png,"Lhe Throne, and the Arm-chair."
969,fig_969.png,"Lhe Throne, and the Arm-chair."
970,fig_970.png,"Lhe Throne, and the Arm-chair."
971,fig_971.png,The Stall.
972,fig_972.png,The Stall.
973,fig_973.png,The Stall.
974,fig_974.png,The Stool.
975,fig_975.png,The Stool.
976,fig_976.png,The Stool.
977,fig_977.png,The Stool.
978,fig_978.png,The Stool.
979,fig_979.png,The Stool.
980,fig_980.png,The Stool.
981,fig_981.png,The Stool.
982,fig_982.png,The Stool.
983,fig_983.png,The Stool.
984,fig_984.png,"The Folding-Chair. ,"
985,fig_985.png,"The Folding-Chair. ,"
986,fig_986.png,"The Folding-Chair. ,"
987,fig_987.png,"The Folding-Chair. ,"
988,fig_988.png,"The Folding-Chair. ,"
989,fig_989.png,"The Folding-Chair. ,"
990,fig_990.png,"The Folding-Chair. ,"
991,fig_991.png,The Bench.
992,fig_992.png,The Bench.
993,fig_993.png,The Bench.
994,fig_994.png,The Bench.
995,fig_995.png,The Bench.
996,fig_996.png,The Bench.
997,fig_997.png,The Bench.
998,fig_998.png,The Bench.
999,fig_999.png,The Bench.
1000,fig_1000.png,"The Sofa, and the Couch."
1001,fig_1001.png,"The Sofa, and the Couch."
1002,fig_1002.png,"The Sofa, and the Couch."
1003,fig_1003.png,"The Sofa, and the Couch."
1004,fig_1004.png,"The Sofa, and the Couch."
1005,fig_1005.png,"The Sofa, and the Couch."
1006,fig_1006.png,The Table.
1007,fig_1007.png,The Table.
1008,fig_1008.png,The Table.
1009,fig_1009.png,The Table.
1010,fig_1010.png,The Table.
1011,fig_1011.png,The Table.
1012,fig_1012.png,The Table.
1013,fig_1013.png,The Table.
1014,fig_1014.png,The Table.
1015,fig_1015.png,The Table.
1016,fig_1016.png,The Writing-Table.
1017,fig_1017.png,The Writing-Table.
1018,fig_1018.png,The Writing-Table.
1019,fig_1019.png,The Writing-Table.
1020,fig_1020.png,The Cabinet.
1021,fig_1021.png,The Cabinet.
1022,fig_1022.png,"The Sideboard,"
1023,fig_1023.png,"The Sideboard,"
1024,fig_1024.png,"The Sideboard,"
1025,fig_1025.png,"The Sideboard,"
1026,fig_1026.png,The Hanging-Cabinet.
1027,fig_1027.png,The Hanging-Cabinet.
1028,fig_1028.png,The Chest.
1029,fig_1029.png,The Chest.
1030,fig_1030.png,The Chest.
1031,fig_1031.png,"The Desk, &c."
1032,fig_1032.png,"The Desk, &c."
1033,fig_1033.png,"The Desk, &c."
1034,fig_1034.png,"The Desk, &c."
1035,fig_1035.png,"The Desk, &c."
1036,fig_1036.png,"The Desk, &c."
1037,fig_1037.png,"The Desk, &c."
1038,fig_1038.png,"The Clock-Case, &c."
1039,fig_1039.png,"The Clock-Case, &c."
1040,fig_1040.png,"The Clock-Case, &c."
1041,fig_1041.png,"The Clock-Case, &c."
1042,fig_1042.png,"The Clock-Case, &c."
1043,fig_1043.png,"The Bedstead, .&c."
1044,fig_1044.png,"The Bedstead, .&c."
1045,fig_1045.png,"The Bedstead, .&c."
1046,fig_1046.png,"The Bedstead, .&c."
1047,fig_1047.png,"The Bedstead, &c."
1048,fig_1048.png,"The Bedstead, &c."
1049,fig_1049.png,The Architectural Frame.
1050,fig_1050.png,The Architectural Frame.
1051,fig_1051.png,The Architectural Frame.
1052,fig_1052.png,The Architectural Frame.
1053,fig_1053.png,The Architectural Frame.
1054,fig_1054.png,The Architectural Frame.
1055,fig_1055.png,The Architectural Frame.
1056,fig_1056.png,The Architectural Frame.
1057,fig_1057.png,The Architectural Frame.
1058,fig_1058.png,The Architectural Frame.
1059,fig_1059.png,The Architectural Frame.
1060,fig_1060.png,The Architectural Frame.
1061,fig_1061.png,The Architectural Frame.
1062,fig_1062.png,"The Mirror-Frame, &c."
1063,fig_1063.png,"The Mirror-Frame, &c."
1064,fig_1064.png,"The Mirror-Frame, &c."
1065,fig_1065.png,"The Mirror-Frame, &c,"
1066,fig_1066.png,"The Mirror-Frame, &c,"
1067,fig_1067.png,"The Mirror-Frame, &c,"
1068,fig_1068.png,"The Mirror-Frame, &c,"
1069,fig_1069.png,The Strap-work Frame.
1070,fig_1070.png,The Strap-work Frame.
1071,fig_1071.png,The Strap-work Frame.
1072,fig_1072.png,The Strap-work Frame.
1073,fig_1073.png,The Strap-work Frame.
1074,fig_1074.png,The Strap-work Frame.
1075,fig_1075.png,The Strap-work Frame.
1076,fig_1076.png,The Strap-work Frame.
1077,fig_1077.png,The Strap-work Frame?
1078,fig_1078.png,The Strap-work Frame?
1079,fig_1079.png,The Strap-work Frame?
1080,fig_1080.png,The Strap-work Frame?
1081,fig_1081.png,The Strap-work Frame?
1082,fig_1082.png,The Strap-work Frame?
1083,fig_1083.png,The Strap-work Frame?
1084,fig_1084.png,267. The Typographical Frame.
1085,fig_1085.png,267. The Typographical Frame.
1086,fig_1086.png,267. The Typographical Frame.
1087,fig_1087.png,267. The Typographical Frame.
1088,fig_1088.png,The Typographical Frame.
1089,fig_1089.png,The Typographical Frame.
1090,fig_1090.png,The Strap-work’ Tablet.
1091,fig_1091.png,The Strap-work’ Tablet.
1092,fig_1092.png,The Strap-work’ Tablet.
1093,fig_1093.png,"The Strap-work Border, and Margin."
1094,fig_1094.png,The Ring.
1095,fig_1095.png,The Chain.
1096,fig_1096.png,The Chain.
1097,fig_1097.png,The Chain.
1098,fig_1098.png,The Chain.
1099,fig_1099.png,The Chain.
1100,fig_1100.png,The Chain.
1101,fig_1101.png,The Necklace. _ ‘
1102,fig_1102.png,The Necklace. _ ‘
1103,fig_1103.png,The Necklace. _ ‘
1104,fig_1104.png,The Necklace. _ ‘
1105,fig_1105.png,The Necklace. _ ‘
1106,fig_1106.png,The Necklace. _ ‘
1107,fig_1107.png,The Necklace. _ ‘
1108,fig_1108.png,The Necklace. _ ‘
1109,fig_1109.png,The Bracelet.
1110,fig_1110.png,The Bracelet.
1111,fig_1111.png,The Bracelet.
1112,fig_1112.png,The Bracelet.
1113,fig_1113.png,The Bracelet.
1114,fig_1114.png,The Bracelet.
1115,fig_1115.png,The Bracelet.
1116,fig_1116.png,The Bracelet.
1117,fig_1117.png,The Bracelet.
1118,fig_1118.png,The Bracelet.
1119,fig_1119.png,The Bracelet.
1120,fig_1120.png,The Bracelet.
1121,fig_1121.png,The Bracelet.
1122,fig_1122.png,The Bracelet.
1123,fig_1123.png,The Bracelet.
1124,fig_1124.png,The Bracelet.
1125,fig_1125.png,"The Girdle, the Buckle, and Clasp."
1126,fig_1126.png,"The Girdle, the Buckle, and Clasp."
1127,fig_1127.png,"The Girdle, the Buckle, and Clasp."
1128,fig_1128.png,"The Girdle, the Buckle, and Clasp."
1129,fig_1129.png,"The Girdle, the Buckle, and Clasp."
1130,fig_1130.png,"The Girdle, the Buckle, and Clasp."
1131,fig_1131.png,"The Girdle, the Buckle, and Clasp."
1132,fig_1132.png,"The Girdle, the Buckle, and Clasp."
1133,fig_1133.png,"The Girdle, the Buckle, and Clasp."
1134,fig_1134.png,"The Girdle, the Buckle, and Clasp."
1135,fig_1135.png,"The Girdle, the Buckle, and Clasp."
1136,fig_1136.png,"The Girdle, the Buckle, and Clasp."
1137,fig_1137.png,"The Akanthos Leaf, and the Artificial Leaf."
1138,fig_1138.png,"The Akanthos Leaf, and the Artificial Leaf."
1139,fig_1139.png,"The Akanthos Leaf, and the Artificial Leaf."
1140,fig_1140.png,"The Akanthos Leaf, and the Artificial Leaf."
1141,fig_1141.png,The Pendant.
1142,fig_1142.png,The Pendant.
1143,fig_1143.png,The Pendant.
1144,fig_1144.png,The Pendant.
1145,fig_1145.png,The Pendant.
1146,fig_1146.png,The Pendant.
1147,fig_1147.png,The Pendant.
1148,fig_1148.png,The Ear-ring.
1149,fig_1149.png,Miscellaneous Jewelry.
1150,fig_1150.png,Miscellaneous Jewelry.
1151,fig_1151.png,Miscellaneous Jewelry.
1152,fig_1152.png,Miscellaneous Jewelry.
1153,fig_1153.png,Miscellaneous Jewelry.
1154,fig_1154.png,Miscellaneous Jewelry.
1155,fig_1155.png,Miscellaneous Jewelry.
1156,fig_1156.png,Miscellaneous Jewelry.
1157,fig_1157.png,Miscellaneous Jewelry.
1158,fig_1158.png,Miscellaneous Jewelry.
1159,fig_1159.png,The Artificial Leaf.
1160,fig_1160.png,The Artificial Leaf.
1161,fig_1161.png,The Artificial Leaf.
1162,fig_1162.png,The Artificial Leaf.
1163,fig_1163.png,The Artificial Leaf.
1164,fig_1164.png,The Artificial Leaf.
1165,fig_1165.png,The Artificial Leaf.
1166,fig_1166.png,The Artificial Leaf.
1167,fig_1167.png,Shapes of the Shield.
1168,fig_1168.png,Shapes of the Shield.
1169,fig_1169.png,Shapes of the Shield.
1170,fig_1170.png,Shapes of the Shield.
1171,fig_1171.png,Shapes of the Shield.
1172,fig_1172.png,Shapes of the Shield.
1173,fig_1173.png,Shapes of the Shield.
1174,fig_1174.png,Shapes of the Shield.
1175,fig_1175.png,Shapes of the Shield.
1176,fig_1176.png,Charges.
1177,fig_1177.png,Charges.
1178,fig_1178.png,Charges.
1179,fig_1179.png,Charges.
1180,fig_1180.png,Charges.
1181,fig_1181.png,Charges.
1182,fig_1182.png,Charges.
1183,fig_1183.png,Charges.
1184,fig_1184.png,Charges.
1185,fig_1185.png,Charges.
1186,fig_1186.png,Charges.
1187,fig_1187.png,Charges.
1188,fig_1188.png,Charges.
1189,fig_1189.png,Charges.
1190,fig_1190.png,Charges.
1191,fig_1191.png,Charges.
1192,fig_1192.png,Charges.
1193,fig_1193.png,Charges.
1194,fig_1194.png,Charges.
1195,fig_1195.png,Charges.
1196,fig_1196.png,Charges.
1197,fig_1197.png,Charges.
1198,fig_1198.png,Charges.
1199,fig_1199.png,Charges.
1200,fig_1200.png,Charges.
1201,fig_1201.png,Charges.
1202,fig_1202.png,Charges.
1203,fig_1203.png,Charges.
1204,fig_1204.png,Charges.
1205,fig_1205.png,Charges.
1206,fig_1206.png,Charges.
1207,fig_1207.png,Charges.
1208,fig_1208.png,Charges.
1209,fig_1209.png,Charges.
1210,fig_1210.png,Charges.
1211,fig_1211.png,Charges.
1212,fig_1212.png,Charges.
1213,fig_1213.png,Charges.
1214,fig_1214.png,Charges.
1215,fig_1215.png,Charges.
1216,fig_1216.png,Charges.
1217,fig_1217.png,Charges.
1218,fig_1218.png,Charges.
1219,fig_1219.png,Charges.
1220,fig_1220.png,Charges.
1221,fig_1221.png,Charges.
1222,fig_1222.png,Charges.
1223,fig_1223.png,Charges.
1224,fig_1224.png,Charges.
1225,fig_1225.png,Charges.
1226,fig_1226.png,Charges.
1227,fig_1227.png,Charges.
1228,fig_1228.png,Charges.
1229,fig_1229.png,Charges.
1230,fig_1230.png,Charges.
1231,fig_1231.png,Charges.
1232,fig_1232.png,Charges.
1233,fig_1233.png,Charges.
1234,fig_1234.png,Charges.
1235,fig_1235.png,Charges.
1236,fig_1236.png,Charges.
1237,fig_1237.png,Charges.
1238,fig_1238.png,Charges.
1239,fig_1239.png,The Artificial Leaf.
1240,fig_1240.png,The Artificial Leaf.
1241,fig_1241.png,The Artificial Leaf.
1242,fig_1242.png,The Artificial Leaf.
1243,fig_1243.png,Forms of the Helmet.
1244,fig_1244.png,Forms of the Helmet.
1245,fig_1245.png,Forms of the Helmet.
1246,fig_1246.png,Forms of the Helmet.
1247,fig_1247.png,Forms of the Helmet.
1248,fig_1248.png,Forms of the Helmet.
1249,fig_1249.png,Forms of the Helmet.
1250,fig_1250.png,Forms of the Helmet.
1251,fig_1251.png,Forms of the Helmet.
1252,fig_1252.png,Forms of the Helmet.
1253,fig_1253.png,Forms of the Helmet.
1254,fig_1254.png,Forms of the Helmet.
1255,fig_1255.png,Forms of the Helmet.
1256,fig_1256.png,Helmet Trappings.
1257,fig_1257.png,Helmet Trappings.
1258,fig_1258.png,Helmet Trappings.
1259,fig_1259.png,Helmet Trappings.
1260,fig_1260.png,Helmet Trappings.
1261,fig_1261.png,Helmet Trappings.
1262,fig_1262.png,Helmet Trappings.
1263,fig_1263.png,Helmet ‘Trappings._
1264,fig_1264.png,Helmet ‘Trappings._
1265,fig_1265.png,Helmet ‘Trappings._
1266,fig_1266.png,Helmet ‘Trappings._
1267,fig_1267.png,Helmet ‘Trappings._
1268,fig_1268.png,Helmet ‘Trappings._
1269,fig_1269.png,Helmet ‘Trappings._
1270,fig_1270.png,"_ Crowns, Coronets, &c."
1271,fig_1271.png,"_ Crowns, Coronets, &c."
1272,fig_1272.png,"_ Crowns, Coronets, &c."
1273,fig_1273.png,"_ Crowns, Coronets, &c."
1274,fig_1274.png,"_ Crowns, Coronets, &c."
1275,fig_1275.png,"_ Crowns, Coronets, &c."
1276,fig_1276.png,"_ Crowns, Coronets, &c."
1277,fig_1277.png,Heraldic Accessories.
1278,fig_1278.png,Heraldic Accessories.
1279,fig_1279.png,Heraldic Accessories.
1280,fig_1280.png,Heraldic Accessories.
1281,fig_1281.png,Heraldic Accessories.
1282,fig_1282.png,Heraldic Accessories.
1283,fig_1283.png,Heraldic Accessories.
1284,fig_1284.png,Romanesque Letters.
1285,fig_1285.png,Romanesque Letters.
1286,fig_1286.png,Romanesque Letters.
1287,fig_1287.png,Romanesque Letters.
1288,fig_1288.png,Romanesque Letters.
1289,fig_1289.png,Romanesque Letters.
1290,fig_1290.png,Gothic Uncial Letters.
1291,fig_1291.png,Gothic Uncial Letters.
1292,fig_1292.png,Gothic Uncial Letters.
1293,fig_1293.png,Gothic Uncial Letters.
1294,fig_1294.png,Gothic Uncial Letters.
1295,fig_1295.png,Gothic Uncial Letters.
1296,fig_1296.png,Gothic Uncial Letters.
1297,fig_1297.png,Gothic Uncial Letters.
1298,fig_1298.png,Gothic Uncial Letters.
1299,fig_1299.png,"Gothic Uncial Letters. Plate, 293,"
1300,fig_1300.png,"Gothic Uncial Letters. Plate, 293,"
1301,fig_1301.png,"Gothic Uncial Letters. Plate, 293,"
1302,fig_1302.png,"Gothic Uncial Letters. Plate, 293,"
1303,fig_1303.png,"Gothic Uncial Letters. Plate, 293,"
1304,fig_1304.png,"Gothic Uncial Letters. Plate, 293,"
1305,fig_1305.png,Actificial Foliage.
1306,fig_1306.png,Actificial Foliage.
1307,fig_1307.png,Actificial Foliage.
1308,fig_1308.png,"Old English Letters, &c."
1309,fig_1309.png,"Old English Letters, &c."
1310,fig_1310.png,"Constructions, Numerals, and Monograms."
1311,fig_1311.png,"Constructions, Numerals, and Monograms."
1312,fig_1312.png,Artificial Foliage.
1313,fig_1313.png,Artificial Foliage.
1314,fig_1314.png,Artificial Foliage.
1315,fig_1315.png,Artificial Foliage.
1316,fig_1316.png,Artificial Foliage.
1317,fig_1317.png,Artificial Foliage.
1318,fig_1318.png,The Vine: Artificial.
1319,fig_1319.png,The Vine: Artificial.
1320,fig_1320.png,The Vine: Artificial.
1321,fig_1321.png,"The Lotus, the Papyrus, and the Palm."
1322,fig_1322.png,"The Lotus, the Papyrus, and the Palm."
1323,fig_1323.png,"The Lotus, the Papyrus, and the Palm."
1324,fig_1324.png,"The Ivy: Natural, and Artificial."
1325,fig_1325.png,"The Ivy: Natural, and Artificial."
1326,fig_1326.png,"The Ivy: Natural, and Artificial."
1327,fig_1327.png,Various Leaves.
1328,fig_1328.png,Various Leaves.
1329,fig_1329.png,Various Leaves.
1330,fig_1330.png,Various Leaves.
1331,fig_1331.png,Various Leaves.
1332,fig_1332.png,Various Leaves.
1333,fig_1333.png,Various Flowers.
1334,fig_1334.png,Various Flowers.
1335,fig_1335.png,Various Flowers.
1336,fig_1336.png,Various Flowers.
1337,fig_1337.png,Various Flowers.
1338,fig_1338.png,Various Flowers.
1339,fig_1339.png,Various Flowers.
1340,fig_1340.png,The Fruit Festoon.
1341,fig_1341.png,"The Leaf, and Flower Festoon."
1342,fig_1342.png,"The Leaf, and Flower Festoon."
1343,fig_1343.png,"The Leaf, and Flower Festoon."
1344,fig_1344.png,The Lion.
1345,fig_1345.png,The Lion.
1346,fig_1346.png,i The Lion.
1347,fig_1347.png,i The Lion.
1348,fig_1348.png,i The Lion.
1349,fig_1349.png,The Lion.
1350,fig_1350.png,The Lion.
1351,fig_1351.png,"The Griffin,"
1352,fig_1352.png,"The Griffin,"
1353,fig_1353.png,"The Griffin,"
1354,fig_1354.png,"The Griffin, &c"
1355,fig_1355.png,"The Griffin, &c"
1356,fig_1356.png,"The Griffin, &c"
1357,fig_1357.png,"The Griffin, &c"
1358,fig_1358.png,"The Griffin, &c"
1359,fig_1359.png,"The Griffin, &c"
1360,fig_1360.png,"The Griffin, &c"
1361,fig_1361.png,The Lion Head
1362,fig_1362.png,The Lion Head
1363,fig_1363.png,The Lion Head
1364,fig_1364.png,The Lion Head
1365,fig_1365.png,The Lion Head
1366,fig_1366.png,The Lion Head
1367,fig_1367.png,The Lion Head
1368,fig_1368.png,The Lion Head
1369,fig_1369.png,The Lion Head
1370,fig_1370.png,The Lion Head
1371,fig_1371.png,The Lion Head
1372,fig_1372.png,The Lion Head
1373,fig_1373.png,The Lion Head
1374,fig_1374.png,The Lion Head
1375,fig_1375.png,The Lion Head
1376,fig_1376.png,The Lion Head
1377,fig_1377.png,"The Panther Heud, &c."
1378,fig_1378.png,"The Panther Heud, &c."
1379,fig_1379.png,"The Panther Heud, &c."
1380,fig_1380.png,"The Panther Heud, &c."
1381,fig_1381.png,"The Panther Heud, &c."
1382,fig_1382.png,"The Panther Heud, &c."
1383,fig_1383.png,"The Panther Heud, &c."
1384,fig_1384.png,"The Ram Head, &c."
1385,fig_1385.png,"The Ram Head, &c."
1386,fig_1386.png,"The Ram Head, &c."
1387,fig_1387.png,"The Ram Head, &c."
1388,fig_1388.png,"The Ram Head, &c."
1389,fig_1389.png,"The Ram Head, &c."
1390,fig_1390.png,"The Ram Head, &c."
1391,fig_1391.png,The Horse Head. &c.
1392,fig_1392.png,The Horse Head. &c.
1393,fig_1393.png,The Horse Head. &c.
1394,fig_1394.png,The Horse Head. &c.
1395,fig_1395.png,The Horse Head. &c.
1396,fig_1396.png,The Horse Head. &c.
1397,fig_1397.png,The Eagle
1398,fig_1398.png,The Eagle.
1399,fig_1399.png,The Eagle.
1400,fig_1400.png,The Eagle.
1401,fig_1401.png,The Eagle.
1402,fig_1402.png,The Eagle.
1403,fig_1403.png,The Eagle.
1404,fig_1404.png,The Eagle.
1405,fig_1405.png,The Eagle.
1406,fig_1406.png,The Eagle.
1407,fig_1407.png,The Eagle.
1408,fig_1408.png,The Eagle.
1409,fig_1409.png,The Eagle.
1410,fig_1410.png,The Eagle.
